{
  "data": [
    {
      "LGJCPENNFBC": 1001,
      "GBBNEPBLAHB": [
        0.489,
        1.628,
        -5.255
      ],
      "PAKBIIDAFDO": [
        14.645,
        -16.117,
        2.89
      ],
      "CHPFCOHHELL": [
        0.489,
        1.628,
        -5.255
      ],
      "ANLELGHBCIJ": [
        14.645,
        -16.117,
        2.89
      ],
      "FBJJBIGIBED": [
        0.0736,
        0,
        -4.0691
      ],
      "JCPKOBDCFGO": [
        0.008,
        -171.919,
        0.023
      ],
      "DKIILCBJCLH": [
        1.43935,
        0,
        0,
        0.429,
        0.529
      ],
      "ECPCDOEOPKH": [
        1.966,
        1.262,
        1.201
      ],
      "OCNPGPHPFII": [
        0,
        0,
        0
      ],
      "HMFFCADJOIE": [
        -0.4533,
        0,
        -3.3866
      ],
      "HNKBFNDCGJA": [
        0,
        -70,
        0
      ],
      "ODMDIDIEBKK": [
        0.098,
        1.3,
        2.803
      ],
      "FMJGLNPGFDP": [
        0,
        90,
        0
      ],
      "JMENGDHJLMP": [
        0.3391,
        0,
        -2.951
      ],
      "ONFECPJAIDC": [
        0,
        15.4,
        0
      ],
      "BFJIFJPDBOB": [
        2.182,
        1.3,
        4.66
      ],
      "HKEOGGEJFGE": [
        0,
        180,
        0
      ],
      "DMNIOPBGOJI": [
        0.7172,
        0,
        -3.7059
      ],
      "LBHFPOABFCI": [
        0,
        -251.838,
        0
      ],
      "HAKJFAAJAEA": [
        4.136,
        1.3,
        2.739
      ],
      "IMJMPIADOGH": [
        0,
        270,
        0
      ]
    },
    {
      "LGJCPENNFBC": 1002,
      "GBBNEPBLAHB": [
        0.489,
        1.628,
        -5.255
      ],
      "PAKBIIDAFDO": [
        14.645,
        -16.117,
        2.89
      ],
      "CHPFCOHHELL": [
        0.489,
        1.628,
        -5.255
      ],
      "ANLELGHBCIJ": [
        14.645,
        -16.117,
        2.89
      ],
      "FBJJBIGIBED": [
        0.0736,
        0,
        -4.0691
      ],
      "JCPKOBDCFGO": [
        0.008,
        -171.919,
        0.023
      ],
      "DKIILCBJCLH": [
        1.58938,
        0,
        0,
        0.445,
        0.467
      ],
      "ECPCDOEOPKH": [
        1.966,
        1.262,
        1.201
      ],
      "OCNPGPHPFII": [
        0,
        0,
        0
      ],
      "HMFFCADJOIE": [
        -0.4533,
        0,
        -3.3866
      ],
      "HNKBFNDCGJA": [
        0,
        -70,
        0
      ],
      "ODMDIDIEBKK": [
        0.098,
        1.3,
        2.803
      ],
      "FMJGLNPGFDP": [
        0,
        90,
        0
      ],
      "JMENGDHJLMP": [
        0.3391,
        0,
        -2.951
      ],
      "ONFECPJAIDC": [
        0,
        15.4,
        0
      ],
      "BFJIFJPDBOB": [
        2.182,
        1.3,
        4.66
      ],
      "HKEOGGEJFGE": [
        0,
        180,
        0
      ],
      "DMNIOPBGOJI": [
        0.7172,
        0,
        -3.7059
      ],
      "LBHFPOABFCI": [
        0,
        -251.838,
        0
      ],
      "HAKJFAAJAEA": [
        4.136,
        1.3,
        2.739
      ],
      "IMJMPIADOGH": [
        0,
        270,
        0
      ]
    },
    {
      "LGJCPENNFBC": 1003,
      "GBBNEPBLAHB": [
        0.489,
        1.628,
        -5.255
      ],
      "PAKBIIDAFDO": [
        14.645,
        -16.117,
        2.89
      ],
      "CHPFCOHHELL": [
        0.489,
        1.628,
        -5.255
      ],
      "ANLELGHBCIJ": [
        14.645,
        -16.117,
        2.89
      ],
      "FBJJBIGIBED": [
        0.0736,
        0,
        -4.0691
      ],
      "JCPKOBDCFGO": [
        0.008,
        -171.919,
        0.023
      ],
      "DKIILCBJCLH": [
        1.52871,
        0,
        0,
        0.445,
        0.447
      ],
      "ECPCDOEOPKH": [
        1.966,
        1.262,
        1.201
      ],
      "OCNPGPHPFII": [
        0,
        0,
        0
      ],
      "HMFFCADJOIE": [
        -0.4533,
        0,
        -3.3866
      ],
      "HNKBFNDCGJA": [
        0,
        -70,
        0
      ],
      "ODMDIDIEBKK": [
        0.098,
        1.3,
        2.803
      ],
      "FMJGLNPGFDP": [
        0,
        90,
        0
      ],
      "JMENGDHJLMP": [
        0.3391,
        0,
        -2.951
      ],
      "ONFECPJAIDC": [
        0,
        15.4,
        0
      ],
      "BFJIFJPDBOB": [
        2.182,
        1.3,
        4.66
      ],
      "HKEOGGEJFGE": [
        0,
        180,
        0
      ],
      "DMNIOPBGOJI": [
        0.7172,
        0,
        -3.7059
      ],
      "LBHFPOABFCI": [
        0,
        -251.838,
        0
      ],
      "HAKJFAAJAEA": [
        4.136,
        1.3,
        2.739
      ],
      "IMJMPIADOGH": [
        0,
        270,
        0
      ]
    },
    {
      "LGJCPENNFBC": 1004,
      "GBBNEPBLAHB": [
        0.489,
        1.628,
        -5.255
      ],
      "PAKBIIDAFDO": [
        14.645,
        -16.117,
        2.89
      ],
      "CHPFCOHHELL": [
        0.489,
        1.628,
        -5.255
      ],
      "ANLELGHBCIJ": [
        14.645,
        -16.117,
        2.89
      ],
      "FBJJBIGIBED": [
        0.0736,
        0,
        -4.0691
      ],
      "JCPKOBDCFGO": [
        0.008,
        -171.919,
        0.023
      ],
      "DKIILCBJCLH": [
        1.58938,
        0,
        0,
        0.445,
        0.467
      ],
      "ECPCDOEOPKH": [
        1.966,
        1.262,
        1.201
      ],
      "OCNPGPHPFII": [
        0,
        0,
        0
      ],
      "HMFFCADJOIE": [
        -0.4533,
        0,
        -3.3866
      ],
      "HNKBFNDCGJA": [
        0,
        -70,
        0
      ],
      "ODMDIDIEBKK": [
        0.098,
        1.3,
        2.803
      ],
      "FMJGLNPGFDP": [
        0,
        90,
        0
      ],
      "JMENGDHJLMP": [
        0.3391,
        0,
        -2.951
      ],
      "ONFECPJAIDC": [
        0,
        15.4,
        0
      ],
      "BFJIFJPDBOB": [
        2.182,
        1.3,
        4.66
      ],
      "HKEOGGEJFGE": [
        0,
        180,
        0
      ],
      "DMNIOPBGOJI": [
        0.7172,
        0,
        -3.7059
      ],
      "LBHFPOABFCI": [
        0,
        -251.838,
        0
      ],
      "HAKJFAAJAEA": [
        4.136,
        1.3,
        2.739
      ],
      "IMJMPIADOGH": [
        0,
        270,
        0
      ]
    }
  ]
}